PointTypeCode,ProgramCode,RewardCode,CategoryCode,StartDate,EndDate,RewardType,MinValue,MaxValue,RewardUsageTypeId,CurrencyCode,Title,Manufacturer,ImageName,ProgramCost,RetailPrice,FixedPoints,ShippingInfoRequired,DisplayInCatalog,ProgramCostPerPoint,RetailPricePerPoint,DaysValid,CertificateInd,Description,BurnRatioDollarValue,BurnRatioPointValue,ImageNameAltText
EGGS,PP,PPCHICKENRUN,PPMOVIES,1/1/2015,1/1/2024,O,,,27aa900c-5d36-f928-e053-5ca8e70af301,,Chicken Run Movie ,DreamWorks ,ChickenRun.png ,null,15,1500,true ,true ,,,null,false ,"Rated: G  Summary: When a cockerel apparently flies into a chicken farm, the chickens see him as an opportunity to escape their evil owners.",,,Chicken run movie cover from DreamWorks pictures.
EGGS,PP,PPCHICKENSHIRTS,PPSHIRTS,1/1/2015,1/1/2024,O,,,27aa900c-5d36-f928-e053-5ca8e70af301,,Chicken Shack Shirt Small,The Chicken Shack ,ChickenShackShirt.png ,null ,10,1000,true ,true ,,,null,false ,"An appetite for fashion and fried chicken will inevitably lead you to this True Religion tee. Heartily carrying out our sunnier side with a sense of humor and a bright yellow colorway, the Chicken Shack tee is sure to put you and everyone around you in good spirits. Slim fit tee. Crew neck collar. Short sleeves. 100% cotton. Made in the USA",,,A yellow chicken shack themed shirt.
EGGS,PP,PPCHICKENSHIRTM,PPSHIRTS,1/1/2015,1/1/2024,O,,,27aa900c-5d36-f928-e053-5ca8e70af301,,Chicken Shack Shirt Medium ,The Chicken Shack ,ChickenShackShirt.png ,null ,10,1000,true ,true ,,,null,false ,"An appetite for fashion and fried chicken will inevitably lead you to this True Religion tee. Heartily carrying out our sunnier side with a sense of humor and a bright yellow colorway, the Chicken Shack tee is sure to put you and everyone around you in good spirits. Slim fit tee. Crew neck collar. Short sleeves. 100% cotton. Made in the USA",,,A yellow chicken shack themed shirt.
EGGS,PP,PPCHICKENSHIRTL,PPSHIRTS,1/1/2015,1/1/2024,O,,,27aa900c-5d36-f928-e053-5ca8e70af301,,Chicken Shack Shirt Large ,The Chicken Shack,ChickenShackShirt.png ,null ,10,1000,true ,true ,,,null,false ,"An appetite for fashion and fried chicken will inevitably lead you to this True Religion tee. Heartily carrying out our sunnier side with a sense of humor and a bright yellow colorway, the Chicken Shack tee is sure to put you and everyone around you in good spirits. Slim fit tee. Crew neck collar. Short sleeves. 100% cotton. Made in the USA",,,A yellow chicken shack themed shirt.
EGGS,PP,PPCLUCKCASH10,PPCERTS,1/1/2015,1/1/2024,O,,,27aa900c-5d36-f928-e053-5ca8e70af301,,$10 Cluck Cash ,The Chicken Shack,CluckCash10.png,null,10,1000,false ,true ,,,90,true ,$10 in Cluck Cash to be used at the Chicken Shack.,,,Chicken shack currency valued at ten dollars. 
EGGS,PP,PPCLUCKCASH50,PPCERTS,1/1/2015,1/1/2024,O,,,27aa900c-5d36-f928-e053-5ca8e70af301,,$50 Cluck Cash,The Chicken Shack,CluckCash50.png,null,50,5000,false ,true ,,,90,true ,$50 in Cluck Cash to be used at the Chicken Shack.,,,Chicken shack currency valued at fifty dollars. 
EGGS,PP,PPCHICKENTOY,PPTOYS,1/1/2015,1/1/2024,O,,,27aa900c-5d36-f928-e053-5ca8e70af301,,Chicken Stuffed Animal ,The Chicken Shack ,ChickenStuffedAnimal.png,null,5,500,true ,true ,,,null,false ,Stuffed chicken toy for kids.,,,A stuffed animal chicken.
EGGS,PP,PPSHACKHAT,PPHATS,1/1/2015,1/1/2024,O,,,27aa900c-5d36-f928-e053-5ca8e70af301,,Chicken Shack Hat ,CustomInk,ChickenShackHat.png,null,15,1500,true ,true ,,,null ,false ,The official chicken shack hat.,,,An orange Chicken Shack branded baseball cap.
EGGS,PP,PPCHICKENSWEATS,PPSWEATS,1/1/2015,1/1/2024,O,,,27aa900c-5d36-f928-e053-5ca8e70af301,,Chicken Shack Sweatshirt Small,CustomInk ,ChickenShackSweat.png ,null ,25,2500,true ,true ,,,null ,false ,The official chicken shack sweatshirt. Size: Small,,,An orange chicken Shack branded sweatshirt.
EGGS,PP,PPCHICKENSWEATM,PPSWEATS,1/1/2015,1/1/2024,O,,,27aa900c-5d36-f928-e053-5ca8e70af301,,Chicken Shack Sweatshirt Medium ,CustomInk ,ChickenShackSweat.png ,null ,25,2500,true ,true ,,,null ,false ,The official chicken shack sweatshirt. Size: Medium,,,An orange chicken Shack branded sweatshirt.
EGGS,PP,PPCHICKENSWEATL,PPSWEATS,1/1/2015,1/1/2024,O,,,27aa900c-5d36-f928-e053-5ca8e70af301,,Chicken Shack Sweatshirt Large ,CustomInk ,ChickenShackSweat.png ,null ,25,2500,true ,true ,,,null ,false ,The official chicken shack sweatshirt. Size: Large,,,An orange chicken Shack branded sweatshirt.
EGGS,PP,PPMOVIEGIFT20,PPCERTS,1/1/2015,1/1/2024,O,,,27aa900c-5d36-f928-e053-5ca8e70af301,,$ 20 Cinemark Gift Card ,Cinemark ,CinemarkGift.png ,null ,20,2000,false ,true ,,,360,true ,Enjoy a night at the movies with this $20 Cinemark gift card.,,,An image of a cinemark gift card.
EGGS,PP,PPMOVIEGIFT50,PPCERTS,1/1/2015,1/1/2024,O,,,27aa900c-5d36-f928-e053-5ca8e70af301,,$ 50 Cinemark Gift Card ,Cinemark ,CinemarkGift.png ,null ,50,5000,false ,true ,,,360,true ,Enjoy a family night at the movies with this $50 Cinemark gift card.,,,An image of a cinemark gift card.
EGGS,PP,PPMOVIEGIFT100,PPCERTS,1/1/2015,1/1/2024,O,,,27aa900c-5d36-f928-e053-5ca8e70af301,,$ 100 Cinemark Gift Card ,Cinemark ,CinemarkGift.png ,null ,100,10000,false ,true ,,,360,true ,Enjoy many movies with this $100 Cinemark gift card.,,,An image of a cinemark gift card.
EGGS,PP,PPXBOX,PPELECT,1/1/2015,1/1/2024,O,,,27aa900c-5d36-f928-e053-5ca8e70af301,,Xbox One ,Microsoft ,XboxOne.png ,null ,300,30000,true ,true ,,,null ,false ,"Own the Xbox One S Battlefield™ 1 Special Edition Bundle (1TB), featuring a military green console with matching stand and controller, 4K Ultra HD Blu-ray, High Dynamic Range, and one month of EA Access. Includes a full game download of Battlefield™ 1 Early Enlister Deluxe Edition, which allows you to start playing on October 18, the Hellfighter Pack, Red Baron Pack, Lawrence of Arabia Pack, a new visual appearance of the Behemoths, and five Battlepacks. For veterans of the series and newcomers alike, discover a world at war through an adventure-filled campaign, or join in epic multiplayer battles with up to 64 players on Xbox Live. Fight as infantry or take control of amazing vehicles on land, air and sea, and adapt your gameplay to the most dynamic battles in Battlefield history. And with EA Access, play EA games for a limited time before they're released and get unlimited access to The Vault, exclusively on Xbox One.",,,An image of an Xbox one battlefield bundle.
EGGS,PP,PPCHICKENCUP,PPCUPS,1/1/2015,1/1/2024,O,,,27aa900c-5d36-f928-e053-5ca8e70af301,,Chicken Shack Cup ,CustomInk ,ChickenShackCup.png ,null ,15,1500,true ,true ,,,null ,false ,Keep your drinks warm or cold in this official chicken shack insulated cup!,,,
EGGS,PP,PPTELEVISION,PPELECT,1/1/2015,1/1/2024,O,,,27aa900c-5d36-f928-e053-5ca8e70af301,,Sony - 65inches Class (64.5 inches Diag.) - LED - 2160p - Smart - 4K Ultra HD TV with High Dynamic Range - Black,Sony ,SonyTV.png ,null ,2000,200000,true ,true ,,,null ,false ,"Set up this 65-inch Sony HDR Ultra TV, and entertain your family with their favorite films. Ultra 4K HD means you experience life-like action whether you're watching a movie or enjoying the game, and Voice Search lets you command without a remote. This Sony HDR Ultra TV is compatible with PlayStation Vue, letting you live stream events as they happen.",,,An image of a Sony flatscreen television. 
EGGS,PP,PPBASKETCOUP,PPCERTS,1/1/2015,1/1/2024,O,,,27aa900c-5d36-f928-e053-5ca8e70af301,,Free Chicken Finger Basket Coupon ,The Chicken Shack ,ChickenShackBasketCoupon.png ,null ,7,700,false ,true ,,,120,true ,Coupon valid for one basket of chicken strips with fries and sauce. ,,,
EGGS,PP,PPDRINKCOUP,PPCERTS,1/1/2015,1/1/2024,O,,,27aa900c-5d36-f928-e053-5ca8e70af301,,Free Fountain Drink Coupon ,The Chicken Shack ,FountainDrinkCoup.png ,null ,2,200,false ,true ,,,90,true ,Coupon valid for one free fountain drink.,,,
EGGS,PP,PPSANDWICHCOUP,PPCERTS,1/1/2015,1/1/2024,O,,,27aa900c-5d36-f928-e053-5ca8e70af301,,Free Chicken Sandwich Coupon ,The Chicken Shack ,SandwichCoup.png ,null ,7,700,false ,true ,,,90,true ,Coupon valid for either a crispy or grilled chicken sandwich.,,,
EGGS,PP,PPCOOKIECOUP,PPCERTS,1/1/2015,1/1/2024,O,,,27aa900c-5d36-f928-e053-5ca8e70af301,,Free Cookie Coupon ,The Chicken Shack ,CookieCoup.png ,null ,2,200,false ,true ,,,60,true ,Coupon valid for a free cookie with a meal purchase.,,,
EGGS,PP,PPCHICKENBAG,PPBAGS,1/1/2015,1/1/2024,O,,,27aa900c-5d36-f928-e053-5ca8e70af301,,Chicken Shack Bag ,CustomInk ,ChickenShackBag.png ,null ,15,1500,true ,true ,,,null ,false ,Carry around your items in the official Chicken Shack drawstring bag.,,,
EGGS,PP,PPCHICKENFRISBEE,PPTOYS,1/1/2015,1/1/2024,O,,,27aa900c-5d36-f928-e053-5ca8e70af301,,Chicken Shack Frisbee,CustomInk,ChickenFrisbee.png ,null ,10,1000,true ,true ,,,null ,false ,Toss around this (I heart the Chicken Shack) frisbee for fun!,,,
EGGS,PP,PPCHICKENWATER,PPCUPS,1/1/2015,1/1/2024,O,,,27aa900c-5d36-f928-e053-5ca8e70af301,,Chicken Shack Water Bottle ,CustomInk ,ChickenWaterBottle.png ,null ,10,1000,true ,true ,,,null ,false ,Keep hydrated with this 19 oz. Chicken Shack water bottle!,,,
EGGS,PP,PPCHICKENBOOK,PPBOOKS,1/1/2015,1/1/2024,O,,,27aa900c-5d36-f928-e053-5ca8e70af301,,Chicken Cook Book ,Reader's Digest ,TheGreatChickenCookbook.png ,null ,15,1500,true ,true ,,,null ,false ,Create amazing chicken based meals with the Great Chicken Cookbook from Reader's Digest.,,,
EGGS,PP,PPPS4,PPELECT,1/1/2015,1/1/2024,O,,,27aa900c-5d36-f928-e053-5ca8e70af301,,Sony PS4 ,Sony ,PS4.png ,null ,250,25000,true ,true ,,,null ,false ,"Conquer virtual enemies with this Sony PlayStation 4. It's compatible with the latest game titles to provide hours of entertainment, and it lets you access PlayStation Vue so you can enjoy your favorite shows. This Sony PlayStation 4 has a 1TB hard drive, so you can store plenty of gaming files.",,,An image of a Sony playstation four.
EGGS,PP,PPSWITCH ,PPELECT,1/1/2015,1/1/2024,O,,,27aa900c-5d36-f928-e053-5ca8e70af301,,Nintendo Switch ,Nintendo ,Switch.png ,null ,300,30000,true ,true ,,,null ,false ,"Choose this Nintendo Switch console to play favorite games anywhere with one system. It replaces both home and portable components for a seamless experience, docking with your television or standing alone on a tabletop for outdoor action on its 6.2-inch screen. This Nintendo Switch console includes the Joy-Con detachable controller and can link with other units for multiplayer adventures.",,, An image of a nintendo switch console. 
EGGS,PP,PPIPAD,PPELECT,1/1/2015,1/1/2024,O,,,27aa900c-5d36-f928-e053-5ca8e70af301,,Apple iPad ,Apple ,iPad.png ,null ,300,30000,true ,true ,,,null ,false ,"Powerful, portable, and personal with a gorgeous 9.7-inch Retina display¹ in a thin, durable aluminum design that weighs just a pound. iPad puts incredible capabilities in your hands with a powerful A9 chip, 8MP camera, FaceTime HD camera, Touch ID, Apple Pay, Wi-Fi, all-day battery life, ² and over a million apps on the App Store. ?",,,An image of an Apple Ipad.
EGGS,PP,PPSTARWARS,PPMOVIES,1/1/2015,1/1/2024,O,,,27aa900c-5d36-f928-e053-5ca8e70af301,,The Complete Star Wars Saga ,Lucas Arts ,StarWars.png ,null,75,7500,true ,true ,,,null ,false ,Enjoy Star Wars episodes 1-6 in the comfort of your home with this complete Blueray collection.,,,
EGGS,PP,PPFITBIT,PPELECT,1/1/2015,1/1/2024,O ,,,27aa900c-5d36-f928-e053-5ca8e70af301,,FitBit Charge 2 ,FitBit,FitBit.png ,null,130,13000,true ,true ,,,null,false ,"Fitbit Charge 2 Heart Rate + Fitness Wristband: Put your daily exercise motivation on your wrist with the Fitbit Charge 2. This heart rate & fitness wristband automatically tracks all-day activity, sleep and exercise. It also features personalized exercise modes to view real-time stats on display, a way to track your cardio fitness level, and guided breathing sessions to help you find moments of calm in your day. Packed with the smartphone notifications you need most and a new sleek design with an interactive OLED display, Charge 2 is your perfect companion for all-day and workouts.",,,An image of a FitBit watch.
EGGS,PP,PPCANNON,PPELECT,1/1/2015,1/1/2024,O ,,,27aa900c-5d36-f928-e053-5ca8e70af301,,Canon - EOS Rebel T6 DSLR Camera,Cannon ,Cannon.png ,null,450,45000,true ,true ,,,null,false ,"Expect more from your photography with this Canon Rebel T6 DSLR camera kit. It includes an 18-55mm lens and a 75-300mm lens so that you can cover the full range with your camera. An 18-megapixel sensor, DIGIC 4+ image processing and full 1080p video recording ensure you get solid performance out of this Canon Rebel T6 DSLR camera kit.",,,
EGGS,PP,PPGUARDIANSVOL2 ,PPMOVIES,1/1/2015,1/1/2024,O ,,,27aa900c-5d36-f928-e053-5ca8e70af301,,Guardians of the Galaxy Vol.2 ,Marvel Studios ,GuardiansGalaxyVol2.png ,null,25,2500,true ,true ,,,null ,false ,"While on the run following a botched heist, the Guardians of the Galaxy encounter a mysterious being known as Ego (Kurt Russell), who claims to be the long-lost father of team leader Peter Quill (Chris Pratt). As Quill learns more about his past, the Guardians battle foes old and new. James Gunn returns to write and direct this installment of the Marvel Cinematic Universe, which also stars Zoe Saldana, Dave Bautista, and Karen Gillan, and features the voices of Bradley Cooper and Vin Diesel.",,,
EGGS,PP,PPDEADPOOL,PPMOVIES,1/1/2015,1/1/2024,O ,,,27aa900c-5d36-f928-e053-5ca8e70af301,,Deadpool ,20th Century Fox ,Deadpool.png ,null,15,1500,true ,true ,,,null,false ,"In this irreverent spin on the superhero genre, mercenary Wade Wilson (Ryan Reynolds) agrees to participate in a top-secret experiment after learning that he has terminal cancer. When the procedure leaves him with advanced healing powers and a disfigured face, he reinvents himself as a wisecracking, spandex-clad antihero known as Deadpool, and seeks revenge on those responsible. Morena Baccarin, Ed Skrein, T.J. Miller, and Gina Carano co-star. Directed by Tim Miller.",,,
EGGS,PP,PPDRONE,PPELECT,1/1/2015,1/1/2024,O ,,,27aa900c-5d36-f928-e053-5ca8e70af301,,Drone with Camera ,DJI,Drone.png ,null,1000,100000,true ,true ,,,null,false ,"Capture aerial views smoothly in Ultra HD with this DJI Mavic Pro camera drone. Its FlightAutonomy technology uses ultrasonic range finders and vision sensors to proactively detect and avoid obstacles for safer, obstruction-free flight.",,,
EGGS,PP,PPHARRYPOTTER,PPBOOKS,1/1/2015,1/1/2024,O ,,,27aa900c-5d36-f928-e053-5ca8e70af301,,Harry Potter Book Set ,J.K. Rowling ,HarryPotter.png,null,50,5000,true ,true ,,,null,false ,"Collects the complete series that relates the adventures of young Harry Potter, who attends Hogwarts School of Witchcraft and Wizardry, where he and others of his kind learn their craft.",,,
EGGS,PP,PPITUNES20,PPCERTS,1/1/2015,1/1/2024,O ,,,27aa900c-5d36-f928-e053-5ca8e70af301,,$20 iTunes Gift Card,Apple ,iTunes.png,null,20,2000,false ,true ,,,null,true ,"Perfect for anyone who enjoys apps, games, music, movies, TV shows, books, and more. Use iTunes Codes on the App Store, iTunes Store, the iBooks Store and the Mac App Store in just a few clicks. Choose the place to enjoy: iPhone, iPad, iPod, Apple TV, Mac, or PC. Code delivered via email. Compatible with iTunes for Mac or Windows. No returns or refunds on iTunes Codes. Good for the U.S. iTunes Store only.",,,
EGGS,PP,PPITUNES50,PPCERTS,1/1/2015,1/1/2024,O ,,,27aa900c-5d36-f928-e053-5ca8e70af301,,$50 iTunes Gift Card,Apple ,iTunes.png,null,50,5000,false ,true ,,,null,true ,"Perfect for anyone who enjoys apps, games, music, movies, TV shows, books, and more. Use iTunes Codes on the App Store, iTunes Store, the iBooks Store and the Mac App Store in just a few clicks. Choose the place to enjoy: iPhone, iPad, iPod, Apple TV, Mac, or PC. Code delivered via email. Compatible with iTunes for Mac or Windows. No returns or refunds on iTunes Codes. Good for the U.S. iTunes Store only.",,,
EGGS,PP,PPITUNES100,PPCERTS,1/1/2015,1/1/2024,O ,,,27aa900c-5d36-f928-e053-5ca8e70af301,,$100 iTunes Gift Card,Apple ,iTunes.png,null,100,10000,false ,true ,,,null,true ,"Perfect for anyone who enjoys apps, games, music, movies, TV shows, books, and more. Use iTunes Codes on the App Store, iTunes Store, the iBooks Store and the Mac App Store in just a few clicks. Choose the place to enjoy: iPhone, iPad, iPod, Apple TV, Mac, or PC. Code delivered via email. Compatible with iTunes for Mac or Windows. No returns or refunds on iTunes Codes. Good for the U.S. iTunes Store only.",,,
EGGS,PP,PPNETFLIX30,PPCERTS,1/1/2015,1/1/2024,O ,,,27aa900c-5d36-f928-e053-5ca8e70af301,,$30 Netflix Gift Card ,Netflix ,Netflix.png ,null,30,3000,false ,true ,,,null,true ,"Use the Netflix gift card to watch your favorite TV shows and movies on any internet-connected device instantly. Watch as much as you want, whenever you want. It’s fast. It’s easy. It’s a better way to watch.",,,
EGGS,PP,PPLOGAN,PPMOVIES,1/1/2015,1/1/2024,O ,,,27aa900c-5d36-f928-e053-5ca8e70af301,,Logan ,20th Century Fox ,Logan.png,null,20,2000,true ,true ,,,null,false ,"In the near future, a weary Logan (Hugh Jackman) cares for an ailing Professor X (Patrick Stewart) in a hideout on the Mexican border. But Logan's attempts to hide from the world and his legacy are upended when a young mutant arrives, being pursued by dark forces.",,,
EGGS,PP,PPBOSE,PPELECT,1/1/2015,1/1/2024,O ,,,27aa900c-5d36-f928-e053-5ca8e70af301,,Bose Headphones ,Bose,Bose.png,null,350,35000,true ,true ,,,null,false ,QuietComfort® 35 wireless headphones are engineered with world-class noise cancellation that makes quiet sound quieter and music sound better. Free yourself from wires and connect easily to your devices with Bluetooth® and NFC pairing. And enjoy up to 20 hours of wireless listening per battery charge.,,,
EGGS,PP,PPDESKTOP,PPELECT,1/1/2015,1/1/2024,O ,,,27aa900c-5d36-f928-e053-5ca8e70af301,,Dell - Inspiron 23.8inches Touch-Screen All-In-One ,Dell,Desktop.png ,null,580,58000,true ,true ,,,null,false ,"Glide your fingertips across the 23.8inches touch screen to adjust music and video playback, surf the Web and play games, all in 1920 x 1080 resolution. Built-in Wi-Fi provides easy access to streaming entertainment",,,
EGGS,PP,PPPLAYSTATIONVR,PPELECT,1/1/2015,1/1/2024,O ,,,27aa900c-5d36-f928-e053-5ca8e70af301,,Playstation Virtual Reality Bundle,Sony ,PlaystationVR.png ,null,500,50000,true ,true ,,,null,false ,"Immerse yourself in a new world of gaming with this PlayStation VR launch bundle. Included is the PlayStation VR core bundle with headset, the processor unit, stereo headphones and cables, plus a camera and two motion controllers for an interactive experience.",,,
EGGS,PP,PPIHEARTCSSHIRTS,PPSHIRTS,1/1/2015,1/1/2024,O ,,,27aa900c-5d36-f928-e053-5ca8e70af301,,I Love Chicken Shack Shirt Small,CustomInk,IHeartChickenShirt.png,null,15,1500,true ,true ,,,null,false ,The (I Heart Chicken Shack) shirt is a great way to show how much you love our chicken! Size: Small,,,
EGGS,PP,PPIHEARTCSSHIRTM,PPSHIRTS,1/1/2015,1/1/2024,O ,,,27aa900c-5d36-f928-e053-5ca8e70af301,,I Love Chicken Shack Shirt Medium,CustomInk,IHeartChickenShirt.png,null,15,1500,true ,true ,,,null,false ,The (I Heart Chicken Shack) shirt is a great way to show how much you love our chicken! Size: Medium,,,
EGGS,PP,PPIHEARTCSSHIRTL,PPSHIRTS,1/1/2015,1/1/2024,O ,,,27aa900c-5d36-f928-e053-5ca8e70af301,,I Love Chicken Shack Shirt Large ,CustomInk,IHeartChickenShirt.png,null,15,1500,true ,true ,,,null,false ,The (I Heart Chicken Shack) shirt is a great way to show how much you love our chicken! Size: Large,,,
EGGS,PP,PPAPPLEWATCH,PPELECT,1/1/2015,1/1/2024,O ,,,27aa900c-5d36-f928-e053-5ca8e70af301,,Apple Watch ,Apple ,AppleWatch.png,null,400,40000,true ,true ,,,null,false ,"Apple Watch Series 2 is a superior sports watch that measures your workouts with detailed customizable metrics. An advanced activity tracker that shows you how often you move, exercise, and stand, and lets you share your progress.",,,
EGGS,PP,PPMINIPROJECTOR,PPELECT,1/1/2015,1/1/2024,O ,,,27aa900c-5d36-f928-e053-5ca8e70af301,,Miniature Projector ,LG ,MiniProjector.png ,null,300,30000,true ,true ,,,null,false ,"Present data and watch your favorite films on the go with this LG PV150G projector, which features a lightweight, wireless design with Screen Share and WiDi. Up to 100 lumens of brightness and DLP technology deliver a crystal-clear picture.",,,
EGGS,PP,PPAMAZONECHO,PPELECT,1/1/2015,1/1/2024,O ,,,27aa900c-5d36-f928-e053-5ca8e70af301,,Amazon Echo,Amazon,AmazonEcho.png,null,180,18000,true ,true ,,,null,false ,"Echo connects to the Alexa Voice Service to control smart home devices, play music, provide information, news, sports scores, weather, and more-instantly. All you have to do is ask.",,,
EGGS,PP,PPAMAZONGC20,PPCERTS,1/1/2015,1/1/2024,O ,,,27aa900c-5d36-f928-e053-5ca8e70af301,,$20 Amazon Gift Card ,Amazon,AmazonGC.png,null,20,2000,false ,true ,,,null,true ,Browse the vast collection of items Amazon has to offer!,,,
EGGS,PP,PPAMAZONGC50,PPCERTS,1/1/2015,1/1/2024,O ,,,27aa900c-5d36-f928-e053-5ca8e70af301,,$50 Amazon Gift Card ,Amazon,AmazonGC.png,null,50,5000,false ,true ,,,null,true ,Browse the vast collection of items Amazon has to offer!,,,
EGGS,PP,PPAMAZONGC100,PPCERTS,1/1/2015,1/1/2024,O ,,,27aa900c-5d36-f928-e053-5ca8e70af301,,$100 Amazon Gift Card ,Amazon,AmazonGC.png,null,100,10000,false ,true ,,,null,true ,Browse the vast collection of items Amazon has to offer!,,,
EGGS,PP,PPDISNEY,PPCERTS,1/1/2015,1/1/2024,O ,,,27aa900c-5d36-f928-e053-5ca8e70af301,,Family Trip to Disney World in Orlando 3 Days and Nights,Disney,Disney.png ,null,1000,100000,false ,true ,,,null,true ,The Disney Family trip package includes three nights and three days at the amazing Disney World in Orlando Florida for a family of four! Airfare not included ,,,
EGGS,PP,PPCHICKENHAT,PPHATS,1/1/2015,1/1/2024,O ,,,27aa900c-5d36-f928-e053-5ca8e70af301,,Chicken Hat,Chicken Shack ,ChickenHat.png ,null,10,1000,true ,true ,,,null,false ,Have fun with this chicken mask/hat that kids will love.,,,
EGGS,PP,PPHERCULES,PPMOVIES,1/1/2015,1/1/2024,O ,,,27aa900c-5d36-f928-e053-5ca8e70af301,,Disney's Hercules,Disney,Hercules.png,null,18,1800,true ,true ,,,null,false ,"Hercules must prove himself a true hero on Earth. With the assistance of Philotes (voice of Danny De Vito), a plucky satyr known as Phil, the grown-up Hercules (voice of Tate Donovan) learns to use his strength to his advantage and becomes a famous and benevolent protector of those around him, successfully battling a variety of gods and monsters.",,,
EGGS,PP,PPTARZAN,PPMOVIES,1/1/2015,1/1/2024,O ,,,27aa900c-5d36-f928-e053-5ca8e70af301,,Disney's Tarzan,Disney,Tarzan.png,null,18,1800,true ,true ,,,null,false ,"The Professor and Jane have arrived in Africa to study the wildlife in its natural habitat, although Clayton would prefer to bag as many trophies as he can. When the explorers encounter Tarzan, they at first think they've discovered the missing link, although soon realize that he's as human as they are. Tarzan finds himself torn between his desire to be with his own kind (and the new, unfamiliar emotions that he feels for Jane) and his loyalties to the gorilla family that raised him.",,,
EGGS,PP,PPGOT,PPBOOKS,1/1/2015,1/1/2024,O ,,,27aa900c-5d36-f928-e053-5ca8e70af301,,George R.R. Martin's Game of Thrones Box Set,Barnes&Noble,GameofThrones.png,null,40,4000,true ,true ,,,null,false ,"For the first time, all five novels in the epic fantasy series that inspired HBO’s Game of Thrones are together in one boxed set.",,,
EGGS,PP,PPNOOK,PPELECT,1/1/2015,1/1/2024,O ,,,27aa900c-5d36-f928-e053-5ca8e70af301,,Barnes & Noble Nook ,Barnes&Noble,Nook.png,null,50,5000,true ,true ,,,null,false ,"Choose from our vast library of eBooks, including more than a million titles under $4.99. Scroll our aisles with collections curated by our expert booksellers to help you find your next great read.",,,
EGGS,PP,PPBANDNGC20,PPCERTS,1/1/2015,1/1/2024,O ,,,27aa900c-5d36-f928-e053-5ca8e70af301,,Barnes & Noble Nook Gift Card $20,Barnes&Noble,NookGC.png,null,20,2000,false ,true ,,,null,true ,Use this gift card from Barnes&Noble to purchase eBooks with nook! Value: $20.00 ,,,
EGGS,PP,PPBANDNGC50,PPCERTS,1/1/2015,1/1/2024,O ,,,27aa900c-5d36-f928-e053-5ca8e70af301,,Barnes & Noble Nook Gift Card $50,Barnes&Noble,NookGC.png,null,50,5000,false ,true ,,,null,true ,Use this gift card from Barnes&Noble to purchase eBooks with nook! Value: $50.00 ,,,
EGGS,PP,PPBANDNGC100,PPCERTS,1/1/2015,1/1/2024,O ,,,27aa900c-5d36-f928-e053-5ca8e70af301,,Barnes & Noble Nook Gift Card $100,Barnes&Noble,NookGC.png,null,100,10000,false ,true ,,,null,true ,Use this gift card from Barnes&Noble to purchase eBooks with nook! Value: $100.00 ,,,
EGGS,PP,PPCURSEDCHILD,PPBOOKS,1/1/2015,1/1/2024,O ,,,27aa900c-5d36-f928-e053-5ca8e70af301,,J.K. Rowling's Harry Potter and the Cursed Child Hardback,Barnes&Noble,CursedChild.png,null,15,1500,true ,true ,,,null,false ,"Based on an original new story by J.K. Rowling, John Tiffany, and Jack Thorne.",,,
EGGS,PP,PPSOUNDBAR,PPELECT,1/1/2015,1/1/2024,O ,,,27aa900c-5d36-f928-e053-5ca8e70af301,,Bose® - SoundTouch® 300 soundbar ,Bose,BoseSoundBar.png,null,700,70000,true ,true ,,,null ,false ,The SoundTouch® 300 soundbar looks slim. But the sound? Anything but. That’s because every cubic inch of it is packed with technologies that make everything you listen to or watch sound clear and spacious. It starts inside with custom-shaped speakers that keep the profile low and pump out big sound.,,,
EGGS,PP,PPHACKSAW,PPMOVIES,1/1/2015,1/1/2024,O ,,,27aa900c-5d36-f928-e053-5ca8e70af301,,Hacksaw Ridge Blu-ray,Lionsgate,HacksawRidge.png,null,10,1000,true ,true ,,,null,false ,"Mel Gibson directed this biopic about World War II Army medic Desmond Doss (played here by Andrew Garfield). A conscientious objector who refused to take a life or even carry a weapon, Doss was eventually awarded the Medal of Honor for saving the lives of 75 soldiers on the battlefields of Okinawa.",,,
EGGS,PP,PPPASSENGERS,PPMOVIES,1/1/2015,1/1/2024,O ,,,27aa900c-5d36-f928-e053-5ca8e70af301,,Passengers Blu-ray ,Sony ,Passengers.png,null,10,1000,true ,true ,,,null,false ,Two passengers (Chris Pratt and Jennifer Lawrence) aboard a spacecraft traveling to a distant planet are brought out of suspended animation by a technical glitch -- 90 years before the vessel is due to reach its destination.,,,
EGGS,PP,PPROGUE1,PPMOVIES,1/1/2015,1/1/2024,O ,,,27aa900c-5d36-f928-e053-5ca8e70af301,,Rogue One: A Star Wars Story Blu-ray ,Lucas Arts ,RogueOne.png,null,20,2000,true ,true ,,,null,false ,"This prequel to the very first Star Wars tells the thrilling story of how a ragtag band of freedom fighters -- including a former soldier-turned-prisoner (Felicity Jones), a Rebel Alliance insider (Diego Luna), an intensely spiritual believer in the Force (Donnie Yen), and a sentient robot (voiced by Alan Tudyk) -- worked together to steal the Death Star's secret blueprints.",,,
EGGS,PP,PPDEEPWATER,PPMOVIES,1/1/2015,1/1/2024,O ,,,27aa900c-5d36-f928-e053-5ca8e70af301,,Deepwater Horizon Blu-ray ,Lionsgate,DeewaterHorizon.png,null,10,1000,true ,true ,,,null ,false ,"Lone Survivor director Peter Berg helmed this docudrama about the Deepwater Horizon disaster, the 2010 oil-rig explosion in the Gulf of Mexico that resulted in the largest offshore oil spill in U.S. history.",,,
EGGS,PP,PPARRIVAL,PPMOVIES,1/1/2015,1/1/2024,O ,,,27aa900c-5d36-f928-e053-5ca8e70af301,,Arrival Blu-ray,Paramount,Arrival.png,null,10,1000,true ,true ,,,null ,false ,"Denis Villeneuve directed this science-fiction suspense film about Earth's response to a possible alien invasion. After extraterrestrial spacecraft plant themselves at various locations around the globe, a linguist (Amy Adams) and a theoretical physicist (Jeremy Renner) must find a way to communicate with the mysterious visitors in order to learn what they want and whether they pose a threat to humanity.",,,
EGGS,PP,PPGETOUT,PPMOVIES,1/1/2015,1/1/2024,O ,,,27aa900c-5d36-f928-e053-5ca8e70af301,,Get Out Blu-ray,Universal Studios,GetOut.png,null,20,2000,true ,true ,,,null,false ,A young African-American photographer (Daniel Kaluuya) is nervous at the thought of meeting his white girlfriend's parents (Catherine Keener and Bradley Whitford) for the first time during a trip to the latter's country estate.,,,
EGGS,PP,PPFANTASTICBEASTS,PPMOVIES,1/1/2015,1/1/2024,O ,,,27aa900c-5d36-f928-e053-5ca8e70af301,,Fantastic Beasts and Where to Find Them Blu-ray ,Warner Home Video,FantasticBeasts.png,null,13,1300,true ,true ,,,null,false ,"Fantastic Beasts and Where to Find Them opens in 1926 as Newt Scamander has just completed a global excursion to find and document an extraordinary array of magical creatures. Arriving in New York for a brief stopover, he might have come and gone without incident…were it not for a No-Maj (American for Muggle) named Jacob, a misplaced magical case, and the escape of some of Newt’s fantastic beasts, which could spell trouble for both the wizarding and No-Maj worlds.",,,
EGGS,PP,PPJOHNWICK,PPMOVIES,1/1/2015,1/1/2024,O ,,,27aa900c-5d36-f928-e053-5ca8e70af301,,John Wick Blu-ray ,Lionsgate,JohnWick.png,null,10,1000,true ,true ,,,null,false ,"Retired hit-man John Wick (Keanu Reeves) hits the streets of NYC in search of the gangsters who robbed him of his reason for living in this Lionsgate thriller featuring Michael Nyqvist, Alfie Allen, Adrianne Palicki, Ian McShane, John Leguizamo, and Willem Dafoe.",,,
EGGS,PP,PPSUICIDESQUAD,PPMOVIES,1/1/2015,1/1/2024,O ,,,27aa900c-5d36-f928-e053-5ca8e70af301,,Suicide Squad Extended Cut Blu-ray ,Warner Home Video,SuicideSquad.png,null,13,1300,true ,true ,,,null,false ,"In this super-antihero movie directed by David Ayer (Fury), a team of incarcerated villains -- including Deadshot (Will Smith), Harley Quinn (Margot Robbie), El Diablo (Jay Hernandez), Killer Croc (Adewale Akinnuoye-Agbaje), Enchantress (Cara Delevingne), and Captain Boomerang (Jai Courtney) -- are recruited by the government for a dangerous mission in exchange for reduced sentences.",,,
EGGS,PP,PPTHEFOUNDER,PPMOVIES,1/1/2015,1/1/2024,O ,,,27aa900c-5d36-f928-e053-5ca8e70af301,,The Founder Blu-ray ,Lionsgate,TheFounder.png,null,13,1300,true ,true ,,,null,false ,"This biopic of businessman Ray Kroc (Michael Keaton) chronicles his work transforming McDonald's from a small burger chain in 1950s California to a global franchise. Along the way, he wrests control of the company from its actual founders, the McDonald brothers (Nick Offerman and John Carroll Lynch), who believe that Kroc's business decisions are stripping the restaurant of its heart and soul.",,,
EGGS,PP,PPDOCTORSTRANGE,PPMOVIES,1/1/2015,1/1/2024,O ,,,27aa900c-5d36-f928-e053-5ca8e70af301,,Marvel's Doctor Strange Blu-ray ,Walt Disney ,DrStrange.png,null,19,1900,true ,true ,,,null,false ,"After a car accident leaves him with nerve damage that ends his career as a New York neurosurgeon, Stephen Strange (Benedict Cumberbatch) travels to Kathmandu in the hope of finding an otherworldly cure for his injuries. There, a powerful mystic known as the Ancient One (Tilda Swinton) accepts him as her pupil and trains him in the art of sorcery.",,,
EGGS,PP,PPCAMINOISLAND,PPBOOKS,1/1/2015,1/1/2024,O ,,,27aa900c-5d36-f928-e053-5ca8e70af301,,Camino Island - Hardcover,John Grisham,CaminoIsland.png,null,20,2000,true ,true ,,,null,false ,"A gang of thieves stage a daring heist from a secure vault deep below Princeton University’s Firestone Library. Their loot is priceless, but Princeton has insured it for twenty-five million dollars.",,,
EGGS,PP,PP1984PB,PPBOOKS,1/1/2015,1/1/2024,O ,,,27aa900c-5d36-f928-e053-5ca8e70af301,,1984 - Paperback,George Orwell,1984.png,null,8,800,true ,true ,,,null,false ,"1984 presents a startling and haunting vision of the world, so powerful that it is completely convincing from start to finish. No one can deny the power of this novel, its hold on the imaginations of multiple generations of readers, or the resiliency of its admonitions—a legacy that seems only to grow with the passage of time.",,,
EGGS,PP,PPCSSHIRTWS,PPSHIRTS,1/1/2015,1/1/2024,O ,,,27aa900c-5d36-f928-e053-5ca8e70af301,,Chicken Shack Shirt White Small,Chicken Shack ,CSShirtWhite.png,null,10,1000,true ,true ,,,null, false,The official Chicken Shack shirt to show off your favorite restraunt!,,,
EGGS,PP,PPCSSHIRTWM,PPSHIRTS,1/1/2015,1/1/2024,O ,,,27aa900c-5d36-f928-e053-5ca8e70af301,,Chicken Shack Shirt White Medium,Chicken Shack ,CSShirtWhite.png,null,10,1000,true ,true ,,,null, false,The official Chicken Shack shirt to show off your favorite restraunt!,,,
EGGS,PP,PPCSSHIRTWL,PPSHIRTS,1/1/2015,1/1/2024,O ,,,27aa900c-5d36-f928-e053-5ca8e70af301,,Chicken Shack Shirt White Large,Chicken Shack ,CSShirtWhite.png,null,10,1000,true ,true ,,,null, false,The official Chicken Shack shirt to show off your favorite restraunt!,,,
EGGS,PP,PPCSSHIRTGS,PPSHIRTS,1/1/2015,1/1/2024,O ,,,27aa900c-5d36-f928-e053-5ca8e70af301,,Chicken Shack Shirt Gray Small,Chicken Shack ,CSShirtGray.png,null,10,1000,true ,true ,,,null,false ,The official Chicken Shack shirt to show off your favorite restraunt!,,,
EGGS,PP,PPCSSHIRTGM,PPSHIRTS,1/1/2015,1/1/2024,O ,,,27aa900c-5d36-f928-e053-5ca8e70af301,,Chicken Shack Shirt Gray Medium,Chicken Shack ,CSShirtGray.png,null,10,1000,true ,true ,,,null,false ,The official Chicken Shack shirt to show off your favorite restraunt!,,,
EGGS,PP,PPCSSHIRTGL,PPSHIRTS,1/1/2015,1/1/2024,O ,,,27aa900c-5d36-f928-e053-5ca8e70af301,,Chicken Shack Shirt Gray Large,Chicken Shack ,CSShirtGray.png,null,10,1000,true ,true ,,,null,false ,The official Chicken Shack shirt to show off your favorite restraunt!,,,
EGGS,PP,PPCSSHIRTBS,PPSHIRTS,1/1/2015,1/1/2024,O ,,,27aa900c-5d36-f928-e053-5ca8e70af301,,Chicken Shack Shirt Black Small,Chicken Shack ,CSShirtBlack.png,null,10,1000,true ,true ,,,null,false ,The official Chicken Shack shirt to show off your favorite restraunt!,,,
EGGS,PP,PPCSSHIRTBM,PPSHIRTS,1/1/2015,1/1/2024,O ,,,27aa900c-5d36-f928-e053-5ca8e70af301,,Chicken Shack Shirt Black Medium,Chicken Shack ,CSShirtBlack.png,null,10,1000,true ,true ,,,null,false ,The official Chicken Shack shirt to show off your favorite restraunt!,,,
EGGS,PP,PPCSSHIRTBL,PPSHIRTS,1/1/2015,1/1/2024,O ,,,27aa900c-5d36-f928-e053-5ca8e70af301,,Chicken Shack Shirt Black Large,Chicken Shack ,CSShirtBlack.png,null,10,1000,true ,true ,,,null,false ,The official Chicken Shack shirt to show off your favorite restraunt!,,,
EGGS,PP,PPCSHATW,PPHATS,1/1/2015,1/1/2024,O ,,,27aa900c-5d36-f928-e053-5ca8e70af301,,Chicken Shack Hat White,Custom Ink ,CSHatW.png,null,10,1000,true ,true ,,,null,false ,With this comfortable one size fits all hat you can show off your favorite restaruant while keeping the sun out of your eyes.,,,
EGGS,PP,PPCSHATB,PPHATS,1/1/2015,1/1/2024,O ,,,27aa900c-5d36-f928-e053-5ca8e70af301,,Chicken Shack Hat Black ,Custom Ink ,CSHatB.png,null,10,1000,true ,true ,,,null,false ,With this comfortable one size fits all hat you can show off your favorite restaruant while keeping the sun out of your eyes.,,,
EGGS,PP,PPCSCOOLER,PPBAGS,1/1/2015,1/1/2024,O ,,,27aa900c-5d36-f928-e053-5ca8e70af301,,Chicken Shack Cooler,Custom Ink ,CSCooler.png,null,20,2000,true ,true ,,,null,false ,Keep your drinks and snacks cool in the Chicken Shack portable cooler!,,,
EGGS,PP,PPFANNY,PPBAGS,1/1/2015,1/1/2024,O ,,,27aa900c-5d36-f928-e053-5ca8e70af301,,Chicken Shack Fanny Pack - Limited Edition,Custom Ink ,CSFanny.png,null,10,1000,true ,true ,,,null ,false ,Carry around your loose items in the limited edition Chicken Shack fanny pack! Get it before it's gone!,,,
EGGS,PP,PPCSPLASTICCUP,PPCUPS,1/1/2015,1/1/2024,O ,,,27aa900c-5d36-f928-e053-5ca8e70af301,,Chicken Shack Plastic cup w/straw Orange ,Custom Ink ,CSPlasticCup.png,null,10,1000,true ,true ,,,null,false ,Enjoy your drink on the go with this easy to carry non spill cup with a straw!,,,
EGGS,PP,PPCSMUGB,PPCUPS,1/1/2015,1/1/2024,O ,,,27aa900c-5d36-f928-e053-5ca8e70af301,,Large Chicken Shack Black Mug ,Custom Ink ,CSMugB.png,null,15,1500,true ,true ,,,null,false ,Enjoy your coffee or tea in this large mug with the chicken shack logo.,,,
EGGS,PP,PPCSMUGW,PPCUPS,1/1/2015,1/1/2024,O ,,,27aa900c-5d36-f928-e053-5ca8e70af301,,Large Chicken Shack White Mug ,Custom Ink ,CSMugW.png,null,15,1500,true ,true ,,,null,false ,Enjoy your coffee or tea in this large mug with the chicken shack logo.,,,
EGGS,PP,PPCSFRISBEEW,PPTOYS,1/1/2015,1/1/2024,O ,,,27aa900c-5d36-f928-e053-5ca8e70af301,,White Chicken Shack Frisbee,Custom Ink ,CSFrisbeeW.png,null,5,500,true ,true ,,,null,false ,Good for family fun in the yard and sport the chicken shack logo!,,,
EGGS,PP,PPCSFRISBEEB,PPTOYS,1/1/2015,1/1/2024,O ,,,27aa900c-5d36-f928-e053-5ca8e70af301,,Black Chicken Shack Frisbee,Custom Ink ,CSFrisbeeB.png,null,5,500,true ,true ,,,null,false ,Good for family fun in the yard and sport the chicken shack logo!,,,
EGGS,PP,PPCSHOODIEBS,PPSWEATS,1/1/2015,1/1/2024,O ,,,27aa900c-5d36-f928-e053-5ca8e70af301,,Chicken Shack Black Hoodie Small ,Custom Ink ,CSHoodieB.png,null,25,2500,true ,true ,,,null,false ,Official Chicken Shack Hoodie with white lettering Size Small.,,,
EGGS,PP,PPCSHOODIEBM,PPSWEATS,1/1/2015,1/1/2024,O ,,,27aa900c-5d36-f928-e053-5ca8e70af301,,Chicken Shack Black Hoodie Medium,Custom Ink ,CSHoodieB.png,null,25,2500,true ,true ,,,null,false ,Official Chicken Shack Hoodie with white lettering Size Medium.,,,
EGGS,PP,PPCSHOODIEBL,PPSWEATS,1/1/2015,1/1/2024,O ,,,27aa900c-5d36-f928-e053-5ca8e70af301,,Chicken Shack Black Hoodie Large,Custom Ink ,CSHoodieB.png,null,25,2500,true ,true ,,,null,false ,Official Chicken Shack Hoodie with white lettering Size Large.,,,
EGGS,PP,PPCSLSSHIRTYS,PPSHIRTS,1/1/2015,1/1/2024,O ,,,27aa900c-5d36-f928-e053-5ca8e70af301,,Chicken Shack Yellow Long Sleeve Shirt Small,Custom Ink ,CSLSShirtY.png,null,15,1500,true ,true ,,,null,false ,Official Chicken Shack Long sleeve Yellow shirt with Logo Size Small.,,,
EGGS,PP,PPCSLSSHIRTYM,PPSHIRTS,1/1/2015,1/1/2024,O ,,,27aa900c-5d36-f928-e053-5ca8e70af301,,Chicken Shack Yellow Long Sleeve Shirt Medium,Custom Ink ,CSLSShirtY.png,null,15,1500,true ,true ,,,null,false ,Official Chicken Shack Long sleeve Yellow shirt with Logo Size Medium.,,,
EGGS,PP,PPCSLSSHIRTYL,PPSHIRTS,1/1/2015,1/1/2024,O ,,,27aa900c-5d36-f928-e053-5ca8e70af301,,Chicken Shack Yellow Long Sleeve Shirt Large,Custom Ink ,CSLSShirtY.png,null,15,1500,true ,true ,,,null,false ,Official Chicken Shack Long sleeve Yellow shirt with Logo Size Large.,,,
EGGS,PP,PPCSLSSHIRTWS,PPSHIRTS,1/1/2015,1/1/2024,O ,,,27aa900c-5d36-f928-e053-5ca8e70af301,,Chicken Shack White Long Sleeve Shirt Small,Custom Ink ,CSLSShirtW.png,null,15,1500,true ,true ,,,null,false ,Official Chicken Shack Long sleeve White shirt with logo Size Small.,,,
EGGS,PP,PPCSLSSHIRTWM,PPSHIRTS,1/1/2015,1/1/2024,O ,,,27aa900c-5d36-f928-e053-5ca8e70af301,,Chicken Shack White Long Sleeve Shirt Medium,Custom Ink ,CSLSShirtW.png,null,15,1500,true ,true ,,,null,false ,Official Chicken Shack Long sleeve White shirt with logo Size Medium.,,,
EGGS,PP,PPCSLSSHIRTWL,PPSHIRTS,1/1/2015,1/1/2024,O ,,,27aa900c-5d36-f928-e053-5ca8e70af301,,Chicken Shack White Long Sleeve Shirt Large,Custom Ink ,CSLSShirtW.png,null,15,1500,true ,true ,,,null,false ,Official Chicken Shack Long sleeve White shirt with logo Size Large.,,,
EGGS,PP,PPCSLSSHIRTBS,PPSHIRTS,1/1/2015,1/1/2024,O ,,,27aa900c-5d36-f928-e053-5ca8e70af301,,Chicken Shack Black Long Sleeve Shirt Small ,Custom Ink ,CSLSShirtB.png,null,15,1500,true ,true ,,,null,false ,Official Chicken Shack Long sleeve Black shirt with logo Size Small.,,,
EGGS,PP,PPCSLSSHIRTBM,PPSHIRTS,1/1/2015,1/1/2024,O ,,,27aa900c-5d36-f928-e053-5ca8e70af301,,Chicken Shack Black Long Sleeve Shirt Medium,Custom Ink ,CSLSShirtB.png,null,15,1500,true ,true ,,,null,false ,Official Chicken Shack Long sleeve Black shirt with logo Size Medium.,,,
EGGS,PP,PPCSLSSHIRTBL,PPSHIRTS,1/1/2015,1/1/2024,O ,,,27aa900c-5d36-f928-e053-5ca8e70af301,,Chicken Shack Black Long Sleeve Shirt Large,Custom Ink ,CSLSShirtB.png,null,15,1500,true ,true ,,,null,false ,Official Chicken Shack Long sleeve Black shirt with logo Size Large.,,,
POINTS,FR,FRTELEVISION,FRELECT,1/1/2015,1/1/2024,O,,,27aa900c-5d36-f928-e053-5ca8e70af301,,Sony - 65inches Class (64.5 inches Diag.) - LED - 2160p - Smart - 4K Ultra HD TV with High Dynamic Range - Black,Sony ,SonyTV.png ,null ,2000,200000,true ,true ,,,null ,false ,"Set up this 65-inch Sony HDR Ultra TV, and entertain your family with their favorite films. Ultra 4K HD means you experience life-like action whether you're watching a movie or enjoying the game, and Voice Search lets you command without a remote. This Sony HDR Ultra TV is compatible with PlayStation Vue, letting you live stream events as they happen.",,,
POINTS,FR,FRPS4,FRELECT,1/1/2015,1/1/2024,O,,,27aa900c-5d36-f928-e053-5ca8e70af301,,Sony PS4 ,Sony ,PS4.png ,null ,250,25000,true ,true ,,,null ,false ,"Conquer virtual enemies with this Sony PlayStation 4. It's compatible with the latest game titles to provide hours of entertainment, and it lets you access PlayStation Vue so you can enjoy your favorite shows. This Sony PlayStation 4 has a 1TB hard drive, so you can store plenty of gaming files.",,,
POINTS,FR,FRSWITCH ,FRELECT,1/1/2015,1/1/2024,O,,,27aa900c-5d36-f928-e053-5ca8e70af301,,Nintendo Switch ,Nintendo ,Switch.png ,null ,300,30000,true ,true ,,,null ,false ,"Choose this Nintendo Switch console to play favorite games anywhere with one system. It replaces both home and portable components for a seamless experience, docking with your television or standing alone on a tabletop for outdoor action on its 6.2-inch screen. This Nintendo Switch console includes the Joy-Con detachable controller and can link with other units for multiplayer adventures.",,,
POINTS,FR,FRIPAD,FRELECT,1/1/2015,1/1/2024,O,,,27aa900c-5d36-f928-e053-5ca8e70af301,,Apple iPad ,Apple ,iPad.png ,null ,300,30000,true ,true ,,,null ,false ,"Powerful, portable, and personal with a gorgeous 9.7-inch Retina display¹ in a thin, durable aluminum design that weighs just a pound. iPad puts incredible capabilities in your hands with a powerful A9 chip, 8MP camera, FaceTime HD camera, Touch ID, Apple Pay, Wi-Fi, all-day battery life, ² and over a million apps on the App Store. ?",,,
POINTS,FR,FRSTARWARS,FRMOVIES,1/1/2015,1/1/2024,O,,,27aa900c-5d36-f928-e053-5ca8e70af301,,The Complete Star Wars Saga ,Lucas Arts ,StarWars.png ,null,75,7500,true ,true ,,,null ,false ,Enjoy Star Wars episodes 1-6 in the comfort of your home with this complete Blueray collection.,,,
POINTS,FR,FRFITBIT,FRELECT,1/1/2015,1/1/2024,O ,,,27aa900c-5d36-f928-e053-5ca8e70af301,,FitBit Charge 2 ,FitBit,FitBit.png ,null,130,13000,true ,true ,,,null,false ,"Fitbit Charge 2 Heart Rate + Fitness Wristband: Put your daily exercise motivation on your wrist with the Fitbit Charge 2. This heart rate & fitness wristband automatically tracks all-day activity, sleep and exercise. It also features personalized exercise modes to view real-time stats on display, a way to track your cardio fitness level, and guided breathing sessions to help you find moments of calm in your day. Packed with the smartphone notifications you need most and a new sleek design with an interactive OLED display, Charge 2 is your perfect companion for all-day and workouts.",,,
POINTS,FR,FRCANNON,FRELECT,1/1/2015,1/1/2024,O ,,,27aa900c-5d36-f928-e053-5ca8e70af301,,Canon - EOS Rebel T6 DSLR Camera,Cannon ,Cannon.png ,null,450,45000,true ,true ,,,null,false ,"Expect more from your photography with this Canon Rebel T6 DSLR camera kit. It includes an 18-55mm lens and a 75-300mm lens so that you can cover the full range with your camera. An 18-megapixel sensor, DIGIC 4+ image processing and full 1080p video recording ensure you get solid performance out of this Canon Rebel T6 DSLR camera kit.",,,
POINTS,FR,FRDRONE,FRELECT,1/1/2015,1/1/2024,O ,,,27aa900c-5d36-f928-e053-5ca8e70af301,,Drone with Camera ,DJI,Drone.png ,null,1000,100000,true ,true ,,,null,false ,"Capture aerial views smoothly in Ultra HD with this DJI Mavic Pro camera drone. Its FlightAutonomy technology uses ultrasonic range finders and vision sensors to proactively detect and avoid obstacles for safer, obstruction-free flight.",,,
POINTS,FR,FRBOSE,FRELECT,1/1/2015,1/1/2024,O ,,,27aa900c-5d36-f928-e053-5ca8e70af301,,Bose Headphones ,Bose,Bose.png,null,350,35000,true ,true ,,,null,false ,QuietComfort® 35 wireless headphones are engineered with world-class noise cancellation that makes quiet sound quieter and music sound better. Free yourself from wires and connect easily to your devices with Bluetooth® and NFC pairing. And enjoy up to 20 hours of wireless listening per battery charge.,,,
POINTS,FR,FRPLAYSTATIONVR,FRELECT,1/1/2015,1/1/2024,O ,,,27aa900c-5d36-f928-e053-5ca8e70af301,,Playstation Virtual Reality Bundle,Sony ,PlaystationVR.png ,null,500,50000,true ,true ,,,null,false ,"Immerse yourself in a new world of gaming with this PlayStation VR launch bundle. Included is the PlayStation VR core bundle with headset, the processor unit, stereo headphones and cables, plus a camera and two motion controllers for an interactive experience.",,,
POINTS,FR,FRITUNES20,FRCERTS,1/1/2015,1/1/2024,O ,,,27aa900c-5d36-f928-e053-5ca8e70af301,,$20 iTunes Gift Card,Apple ,iTunes.png,null,20,2000,false ,true ,,,null,true ,"Perfect for anyone who enjoys apps, games, music, movies, TV shows, books, and more. Use iTunes Codes on the App Store, iTunes Store, the iBooks Store and the Mac App Store in just a few clicks. Choose the place to enjoy: iPhone, iPad, iPod, Apple TV, Mac, or PC. Code delivered via email. Compatible with iTunes for Mac or Windows. No returns or refunds on iTunes Codes. Good for the U.S. iTunes Store only.",,,
POINTS,FR,FRITUNES50,FRCERTS,1/1/2015,1/1/2024,O ,,,27aa900c-5d36-f928-e053-5ca8e70af301,,$50 iTunes Gift Card,Apple ,iTunes.png,null,50,5000,false ,true ,,,null,true ,"Perfect for anyone who enjoys apps, games, music, movies, TV shows, books, and more. Use iTunes Codes on the App Store, iTunes Store, the iBooks Store and the Mac App Store in just a few clicks. Choose the place to enjoy: iPhone, iPad, iPod, Apple TV, Mac, or PC. Code delivered via email. Compatible with iTunes for Mac or Windows. No returns or refunds on iTunes Codes. Good for the U.S. iTunes Store only.",,,
POINTS,FR,FRITUNES100,FRCERTS,1/1/2015,1/1/2024,O ,,,27aa900c-5d36-f928-e053-5ca8e70af301,,$100 iTunes Gift Card,Apple ,iTunes.png,null,100,10000,false ,true ,,,null,true ,"Perfect for anyone who enjoys apps, games, music, movies, TV shows, books, and more. Use iTunes Codes on the App Store, iTunes Store, the iBooks Store and the Mac App Store in just a few clicks. Choose the place to enjoy: iPhone, iPad, iPod, Apple TV, Mac, or PC. Code delivered via email. Compatible with iTunes for Mac or Windows. No returns or refunds on iTunes Codes. Good for the U.S. iTunes Store only.",,,
POINTS,FR,FRNETFLIX30,FRCERTS,1/1/2015,1/1/2024,O ,,,27aa900c-5d36-f928-e053-5ca8e70af301,,$30 Netflix Gift Card ,Netflix ,Netflix.png ,null,30,3000,false ,true ,,,null,true ,"Use the Netflix gift card to watch your favorite TV shows and movies on any internet-connected device instantly. Watch as much as you want, whenever you want. It’s fast. It’s easy. It’s a better way to watch.",,,
POINTS,FR,FRAPPLEWATCH,FRELECT,1/1/2015,1/1/2024,O ,,,27aa900c-5d36-f928-e053-5ca8e70af301,,Apple Watch ,Apple ,AppleWatch.png,null,400,40000,true ,true ,,,null,false ,"Apple Watch Series 2 is a superior sports watch that measures your workouts with detailed customizable metrics. An advanced activity tracker that shows you how often you move, exercise, and stand, and lets you share your progress.",,,
POINTS,FR,FRMINIPROJECTOR,FRELECT,1/1/2015,1/1/2024,O ,,,27aa900c-5d36-f928-e053-5ca8e70af301,,Miniature Projector ,LG ,MiniProjector.png ,null,300,30000,true ,true ,,,null,false ,"Present data and watch your favorite films on the go with this LG PV150G projector, which features a lightweight, wireless design with Screen Share and WiDi. Up to 100 lumens of brightness and DLP technology deliver a crystal-clear picture.",,,
POINTS,FR,FRAMAZONGC20,FRCERTS,1/1/2015,1/1/2024,O ,,,27aa900c-5d36-f928-e053-5ca8e70af301,,$20 Amazon Gift Card ,Amazon,AmazonGC.png,null,20,2000,false ,true ,,,null,true ,Browse the vast collection of items Amazon has to offer!,,,
POINTS,FR,FRAMAZONGC50,FRCERTS,1/1/2015,1/1/2024,O ,,,27aa900c-5d36-f928-e053-5ca8e70af301,,$50 Amazon Gift Card ,Amazon,AmazonGC.png,null,50,5000,false ,true ,,,null,true ,Browse the vast collection of items Amazon has to offer!,,,
POINTS,FR,FRAMAZONGC100,FRCERTS,1/1/2015,1/1/2024,O ,,,27aa900c-5d36-f928-e053-5ca8e70af301,,$100 Amazon Gift Card ,Amazon,AmazonGC.png,null,100,10000,false ,true ,,,null,true ,Browse the vast collection of items Amazon has to offer!,,,
POINTS,FR,FRXBOX,FRELECT,1/1/2015,1/1/2024,O,,,27aa900c-5d36-f928-e053-5ca8e70af301,,Xbox One ,Microsoft ,XboxOne.png ,null,300,30000,true ,true ,,,null ,false ,"Own the Xbox One S Battlefield™ 1 Special Edition Bundle (1TB), featuring a military green console with matching stand and controller, 4K Ultra HD Blu-ray, High Dynamic Range, and one month of EA Access. Includes a full game download of Battlefield™ 1 Early Enlister Deluxe Edition, which allows you to start playing on October 18, the Hellfighter Pack, Red Baron Pack, Lawrence of Arabia Pack, a new visual appearance of the Behemoths, and five Battlepacks. For veterans of the series and newcomers alike, discover a world at war through an adventure-filled campaign, or join in epic multiplayer battles with up to 64 players on Xbox Live. Fight as infantry or take control of amazing vehicles on land, air and sea, and adapt your gameplay to the most dynamic battles in Battlefield history. And with EA Access, play EA games for a limited time before they're released and get unlimited access to The Vault, exclusively on Xbox One.",,,
POINTS,FR,FRBAG,FRBAGS,1/1/2015,1/1/2024,O,,,27aa900c-5d36-f928-e053-5ca8e70af301,,Beach Bag,CustomInk,FallRiverBag.png,null,15,1500,true ,true ,,,null,false ,Carry your things to the pool or beach with this Fall River beach bag!,,,
POINTS,FR,FRSHIRTS,FRSHIRTS,1/1/2015,1/1/2024,O,,,27aa900c-5d36-f928-e053-5ca8e70af301,,Fall River T-Shirt Small,CustomInk,FallRiverTshirt.png,null,15,1500,true ,true ,,,null,false ,Official Fall River resorts T-Shirt 100% cotton white t-shirt with logo. Size: Small. ,,,
POINTS,FR,FRSHIRTM,FRSHIRTS,1/1/2015,1/1/2024,O,,,27aa900c-5d36-f928-e053-5ca8e70af301,,Fall River T-Shirt Medium,CustomInk,FallRiverTshirt.png,null,15,1500,true ,true ,,,null,false ,Official Fall River resorts T-Shirt 100% cotton white t-shirt with logo. Size: Medium. ,,,
POINTS,FR,FRSHIRTL,FRSHIRTS,1/1/2015,1/1/2024,O,,,27aa900c-5d36-f928-e053-5ca8e70af301,,Fall River T-Shirt Large ,CustomInk,FallRiverTshirt.png,null,15,1500,true ,true ,,,null,false ,Official Fall River resorts T-Shirt 100% cotton white t-shirt with logo. Size: Large. ,,,
POINTS,FR,FRKOOZIE,FROUTD,1/1/2015,1/1/2024,O,,,27aa900c-5d36-f928-e053-5ca8e70af301,,Bottle Koozie White,CustomInk,FrBottleHolder.png,null,10,1000,true ,true ,,,null,false ,Keep your beverages cool out by the pool with the Fall River bottle coozie!,,,
POINTS,FR,FRCHAIR,FRCHAIR,1/1/2015,1/1/2024,O,,,27aa900c-5d36-f928-e053-5ca8e70af301,,Fall River Folding Chair,CustomInk,FrChair.png,null,20,2000,true ,true ,,,null,false ,"Whether tailgating or camping, this chair will do the job. It folds in seconds, and comes with a convenient carry bag for easy portability.",,,
POINTS,FR,FRCOOLER,FRCOOLER,1/1/2015,1/1/2024,O,,,27aa900c-5d36-f928-e053-5ca8e70af301,,Fall River Cooler,CustomInk,FrCooler.png,null,20,2000,true ,true ,,,null,false ,"Keep your drinks, or snacks cold out by the pool or by the beach in this easy to carry cooler.",,,
POINTS,FR,FRSPA,FRCERTS,1/1/2015,1/1/2024,O,,,27aa900c-5d36-f928-e053-5ca8e70af301,,Fall River Spa for 2,Fall River,FrSpa.png,null,150,15000,false ,true ,,,60,true ,With the Fall river Spa for two package you and one lucky guest will receive an all access pass to any of our resorts luxury spa's for the day.,,,
POINTS,FR,FRTOWEL,FROUTD,1/1/2015,1/1/2024,O,,,27aa900c-5d36-f928-e053-5ca8e70af301,,Fall River Towel,Fall River,FrTowel.png,null,10,1000,true ,true ,,,null,false ,A great lightweight beach towel perfect for taking to the beach or pool!,,,
POINTS,FR,FRUMBRELLA,FROUTD,1/1/2015,1/1/2024,O,,,27aa900c-5d36-f928-e053-5ca8e70af301,,Fall River Umbrella,Fall River,FrUmbrella.png,null,10,1000,true ,true ,,,null,false ,A perfect sized one push button operated umbrella.,,,
POINTS,FR,FRFLIGHTANDHOTEL,FRCERTS,1/1/2015,1/1/2024,O,,,27aa900c-5d36-f928-e053-5ca8e70af301,,Fall River Airfare and Hotel for 2 ,Fall River,FrFlightandHotel.png,null,500,50000,false ,true ,,,90,true ,With this package for two you may choose anywehre in the continental U.S. where you can enjoy: Two Round-Trip Tickets and a Hotel room with a King sized bed for two nights! ,,,
POINTS,FR,FRAMAZONECHO,FRELECT,1/1/2015,1/1/2024,O ,,,27aa900c-5d36-f928-e053-5ca8e70af301,,Amazon Echo,Amazon,AmazonEcho.png,null,180,18000,true ,true ,,,null,false ,"Echo connects to the Alexa Voice Service to control smart home devices, play music, provide information, news, sports scores, weather, and more-instantly. All you have to do is ask.",,,
POINTS,FR,FRMOVIEGIFT20,FRCERTS,1/1/2015,1/1/2024,O,,,27aa900c-5d36-f928-e053-5ca8e70af301,,$ 20 Cinemark Gift Card ,Cinemark ,CinemarkGift.png ,null,20,2000,false ,true ,,,360,true ,Enjoy a night at the movies with this $20 Cinemark gift card.,,,
POINTS,FR,FRMOVIEGIFT50,FRCERTS,1/1/2015,1/1/2024,O,,,27aa900c-5d36-f928-e053-5ca8e70af301,,$ 50 Cinemark Gift Card ,Cinemark ,CinemarkGift.png ,null,50,5000,false ,true ,,,360,true ,Enjoy a family night at the movies with this $50 Cinemark gift card.,,,
POINTS,FR,FRMOVIEGIFT100,FRCERTS,1/1/2015,1/1/2024,O,,,27aa900c-5d36-f928-e053-5ca8e70af301,,$ 100 Cinemark Gift Card ,Cinemark ,CinemarkGift.png ,null,100,10000,false ,true ,,,360,true ,Enjoy many movies with this $100 Cinemark gift card.,,,
POINTS,FR,FRLOGAN,FRMOVIES,1/1/2015,1/1/2024,O ,,,27aa900c-5d36-f928-e053-5ca8e70af301,,Logan ,20th Century Fox ,Logan.png,null,20,2000,true ,true ,,,null,false ,"In the near future, a weary Logan (Hugh Jackman) cares for an ailing Professor X (Patrick Stewart) in a hideout on the Mexican border. But Logan's attempts to hide from the world and his legacy are upended when a young mutant arrives, being pursued by dark forces.",,,
POINTS,FR,FRDISNEY,FRCERTS,1/1/2015,1/1/2024,O,,,27aa900c-5d36-f928-e053-5ca8e70af301,,Family Trip to Disney World in Orlando,Disney,Disney.png ,null,1000,100000,false ,true ,,,null,true ,Package for 3 nights and passes into Disney World for four.,,,
POINTS,FR,FRCAMINOISLAND,FRBOOKS,1/1/2015,1/1/2024,O ,,,27aa900c-5d36-f928-e053-5ca8e70af301,,Camino Island - Hardcover,John Grisham,CaminoIsland.png,null,20,2000,true ,true ,,,null,false ,"A gang of thieves stage a daring heist from a secure vault deep below Princeton University’s Firestone Library. Their loot is priceless, but Princeton has insured it for twenty-five million dollars.",,,
POINTS,FR,FR1984PB,FRBOOKS,1/1/2015,1/1/2024,O ,,,27aa900c-5d36-f928-e053-5ca8e70af301,,1984 - Paperback,George Orwell,1984.png,null,8,800,true ,true ,,,null,false ,"1984 presents a startling and haunting vision of the world, so powerful that it is completely convincing from start to finish. No one can deny the power of this novel, its hold on the imaginations of multiple generations of readers, or the resiliency of its admonitions—a legacy that seems only to grow with the passage of time.",,,The cover of George Orwell's 1984 book.
POINTS,FR,FRPASSENGERS,FRMOVIES,1/1/2015,1/1/2024,O ,,,27aa900c-5d36-f928-e053-5ca8e70af301,,Passengers Blu-ray ,Sony ,Passengers.png,null,10,1000,true ,true ,,,null,false ,Two passengers (Chris Pratt and Jennifer Lawrence) aboard a spacecraft traveling to a distant planet are brought out of suspended animation by a technical glitch -- 90 years before the vessel is due to reach its destination.,,,A movie poster for the Passengers movie.
POINTS,FR,FRROGUE1,FRMOVIES,1/1/2015,1/1/2024,O ,,,27aa900c-5d36-f928-e053-5ca8e70af301,,Rogue One: A Star Wars Story Blu-ray ,Lucas Arts ,RogueOne.png,null,20,2000,true ,true ,,,null,false ,"This prequel to the very first Star Wars tells the thrilling story of how a ragtag band of freedom fighters -- including a former soldier-turned-prisoner (Felicity Jones), a Rebel Alliance insider (Diego Luna), an intensely spiritual believer in the Force (Donnie Yen), and a sentient robot (voiced by Alan Tudyk) -- worked together to steal the Death Star's secret blueprints.",,,A movie poster for the Rogue One Star Wars movie.
POINTS,FR,FRDEEPWATER,FRMOVIES,1/1/2015,1/1/2024,O ,,,27aa900c-5d36-f928-e053-5ca8e70af301,,Deepwater Horizon Blu-ray ,Lionsgate,DeewaterHorizon.png,null,10,1000,true ,true ,,,null ,false ,"Lone Survivor director Peter Berg helmed this docudrama about the Deepwater Horizon disaster, the 2010 oil-rig explosion in the Gulf of Mexico that resulted in the largest offshore oil spill in U.S. history.",,,
POINTS,FR,FRARRIVAL,FRMOVIES,1/1/2015,1/1/2024,O ,,,27aa900c-5d36-f928-e053-5ca8e70af301,,Arrival Blu-ray,Paramount,Arrival.png,null,10,1000,true ,true ,,,null ,false ,"Denis Villeneuve directed this science-fiction suspense film about Earth's response to a possible alien invasion. After extraterrestrial spacecraft plant themselves at various locations around the globe, a linguist (Amy Adams) and a theoretical physicist (Jeremy Renner) must find a way to communicate with the mysterious visitors in order to learn what they want and whether they pose a threat to humanity.",,,
POINTS,FR,FRGETOUT,FRMOVIES,1/1/2015,1/1/2024,O ,,,27aa900c-5d36-f928-e053-5ca8e70af301,,Get Out Blu-ray,Universal Studios,GetOut.png,null,20,2000,true ,true ,,,null,false ,A young African-American photographer (Daniel Kaluuya) is nervous at the thought of meeting his white girlfriend's parents (Catherine Keener and Bradley Whitford) for the first time during a trip to the latter's country estate.,,,
POINTS,FR,FRFANTASTICBEASTS,FRMOVIES,1/1/2015,1/1/2024,O ,,,27aa900c-5d36-f928-e053-5ca8e70af301,,Fantastic Beasts and Where to Find Them Blu-ray ,Warner Home Video,FantasticBeasts.png,null,13,1300,true ,true ,,,null,false ,"Fantastic Beasts and Where to Find Them opens in 1926 as Newt Scamander has just completed a global excursion to find and document an extraordinary array of magical creatures. Arriving in New York for a brief stopover, he might have come and gone without incident…were it not for a No-Maj (American for Muggle) named Jacob, a misplaced magical case, and the escape of some of Newt’s fantastic beasts, which could spell trouble for both the wizarding and No-Maj worlds.",,,
POINTS,FR,FRJOHNWICK,FRMOVIES,1/1/2015,1/1/2024,O ,,,27aa900c-5d36-f928-e053-5ca8e70af301,,John Wick Blu-ray ,Lionsgate,JohnWick.png,null,10,1000,true ,true ,,,null,false ,"Retired hit-man John Wick (Keanu Reeves) hits the streets of NYC in search of the gangsters who robbed him of his reason for living in this Lionsgate thriller featuring Michael Nyqvist, Alfie Allen, Adrianne Palicki, Ian McShane, John Leguizamo, and Willem Dafoe.",,,
POINTS,FR,FRSUICIDESQUAD,FRMOVIES,1/1/2015,1/1/2024,O ,,,27aa900c-5d36-f928-e053-5ca8e70af301,,Suicide Squad Extended Cut Blu-ray ,Warner Home Video,SuicideSquad.png,null,13,1300,true ,true ,,,null,false ,"In this super-antihero movie directed by David Ayer (Fury), a team of incarcerated villains -- including Deadshot (Will Smith), Harley Quinn (Margot Robbie), El Diablo (Jay Hernandez), Killer Croc (Adewale Akinnuoye-Agbaje), Enchantress (Cara Delevingne), and Captain Boomerang (Jai Courtney) -- are recruited by the government for a dangerous mission in exchange for reduced sentences.",,,
POINTS,FR,FRTHEFOUNDER,FRMOVIES,1/1/2015,1/1/2024,O ,,,27aa900c-5d36-f928-e053-5ca8e70af301,,The Founder Blu-ray ,Lionsgate,TheFounder.png,null,13,1300,true ,true ,,,null,false ,"This biopic of businessman Ray Kroc (Michael Keaton) chronicles his work transforming McDonald's from a small burger chain in 1950s California to a global franchise. Along the way, he wrests control of the company from its actual founders, the McDonald brothers (Nick Offerman and John Carroll Lynch), who believe that Kroc's business decisions are stripping the restaurant of its heart and soul.",,,
POINTS,FR,FRDOCTORSTRANGE,FRMOVIES,1/1/2015,1/1/2024,O ,,,27aa900c-5d36-f928-e053-5ca8e70af301,,Marvel's Doctor Strange Blu-ray ,Walt Disney ,DrStrange.png,null,19,1900,true ,true ,,,null,false ,"After a car accident leaves him with nerve damage that ends his career as a New York neurosurgeon, Stephen Strange (Benedict Cumberbatch) travels to Kathmandu in the hope of finding an otherworldly cure for his injuries. There, a powerful mystic known as the Ancient One (Tilda Swinton) accepts him as her pupil and trains him in the art of sorcery.",,,
POINTS,FR,FRFRHATBL,FRHATS,1/1/2015,1/1/2024,O ,,,27aa900c-5d36-f928-e053-5ca8e70af301,,Blue Fall River Hat,Custom Ink ,FRHatBl.png,null,10,1000,true ,true ,,,null,false ,With this comfortable one size fits all hat you can show off your favorite resort and hotel while keeping the sun out of your eyes.,,,
POINTS,FR,FRFRHATB ,FRHATS,1/1/2015,1/1/2024,O ,,,27aa900c-5d36-f928-e053-5ca8e70af301,,Black Fall River Hat,Custom Ink ,FRHatB.png,null,10,1000,true ,true ,,,null,false ,With this comfortable one size fits all hat you can show off your favorite resort and hotel while keeping the sun out of your eyes.,,,
POINTS,FR,FRFRHATW,FRHATS,1/1/2015,1/1/2024,O ,,,27aa900c-5d36-f928-e053-5ca8e70af301,,White Fall River Hat ,Custom Ink ,FRHatW.png,null,10,1000,true ,true ,,,null,false ,With this comfortable one size fits all hat you can show off your favorite resort and hotel while keeping the sun out of your eyes.,,,
POINTS,FR,FRFRACRYLICCUPB,FRCUPS,1/1/2015,1/1/2024,O ,,,27aa900c-5d36-f928-e053-5ca8e70af301,,Acrylic Cup w/straw and Fall River Logo Color: Blue ,Custom Ink ,FRAcrylicCupB.png,null,15,1500,true ,true ,,,null,false ,Enjoy your drink on the go with this easy to carry non spill cup with a straw!,,,
POINTS,FR,FRFRACRYLICCUPW,FRCUPS,1/1/2015,1/1/2024,O ,,,27aa900c-5d36-f928-e053-5ca8e70af301,,Acrylic Cup w/straw and Fall River Logo Color: White ,Custom Ink ,FRAcrylicCupW.png,null,15,1500,true ,true ,,,null,false ,Enjoy your drink on the go with this easy to carry non spill cup with a straw!,,,
POINTS,FR,FRFRHOODIEWS,FRSWEATS,1/1/2015,1/1/2024,O ,,,27aa900c-5d36-f928-e053-5ca8e70af301,,Fall River Logo Hoodie - White Size Small,Custom Ink ,FRHoodieW.png,null,15,1500,true ,true ,,,null,false ,Comfortable White Hoodie with the Fall River logo,,,
POINTS,FR,FRFRHOODIEWM,FRSWEATS,1/1/2015,1/1/2024,O ,,,27aa900c-5d36-f928-e053-5ca8e70af301,,Fall River Logo Hoodie - White Size Medium,Custom Ink ,FRHoodieW.png,null,15,1500,true ,true ,,,null,false ,Comfortable White Hoodie with the Fall River logo,,,
POINTS,FR,FRFRHOODIEWL,FRSWEATS,1/1/2015,1/1/2024,O ,,,27aa900c-5d36-f928-e053-5ca8e70af301,,Fall River Logo Hoodie - White Size Large,Custom Ink ,FRHoodieW.png,null,15,1500,true ,true ,,,null,false ,Comfortable White Hoodie with the Fall River logo,,,
POINTS,FR,FRFRHOODIEBS,FRSWEATS,1/1/2015,1/1/2024,O ,,,27aa900c-5d36-f928-e053-5ca8e70af301,,Fall River Logo Hoodie - Blue Size Small ,Custom Ink ,FRHoodieB.png,null,15,1500,true ,true ,,,null,false ,Comfortable Blue Hoodie with the Fall River logo,,,
POINTS,FR,FRFRHOODIEBM,FRSWEATS,1/1/2015,1/1/2024,O ,,,27aa900c-5d36-f928-e053-5ca8e70af301,,Fall River Logo Hoodie - Blue Size Medium,Custom Ink ,FRHoodieB.png,null,15,1500,true ,true ,,,null,false ,Comfortable Blue Hoodie with the Fall River logo,,,
POINTS,FR,FRFRHOODIEBL,FRSWEATS,1/1/2015,1/1/2024,O ,,,27aa900c-5d36-f928-e053-5ca8e70af301,,Fall River Logo Hoodie - Blue Size Large,Custom Ink ,FRHoodieB.png,null,15,1500,true ,true ,,,null,false ,Comfortable Blue Hoodie with the Fall River logo,,,
POINTS,FR,FRFRSHIRTBLS,FRSHIRTS,1/1/2015,1/1/2024,O ,,,27aa900c-5d36-f928-e053-5ca8e70af301,,Fall River Logo T-shirt - Black Size Small,Custom Ink ,FRShirtBL.png,null,10,1000,true ,true ,,,null,false ,Comfortable 100% Cotton Black T-shirt with the Fall River logo.,,,
POINTS,FR,FRFRSHIRTBLM,FRSHIRTS,1/1/2015,1/1/2024,O ,,,27aa900c-5d36-f928-e053-5ca8e70af301,,Fall River Logo T-shirt - Black Size Medium,Custom Ink ,FRShirtBL.png,null,10,1000,true ,true ,,,null,false ,Comfortable 100% Cotton Black T-shirt with the Fall River logo.,,,
POINTS,FR,FRFRSHIRTBLL,FRSHIRTS,1/1/2015,1/1/2024,O ,,,27aa900c-5d36-f928-e053-5ca8e70af301,,Fall River Logo T-shirt - Black Size Large,Custom Ink ,FRShirtBL.png,null,10,1000,true ,true ,,,null,false ,Comfortable 100% Cotton Black T-shirt with the Fall River logo.,,,
POINTS,FR,FRFRSHIRTBS,FRSHIRTS,1/1/2015,1/1/2024,O ,,,27aa900c-5d36-f928-e053-5ca8e70af301,,Fall River Logo T-shirt - Blue Size Small,Custom Ink ,FRShirtB.png,null,10,1000,true ,true ,,,null,false ,Comfortable 100% Cotton Blue T-shirt with the Fall River logo.,,,
POINTS,FR,FRFRSHIRTBM,FRSHIRTS,1/1/2015,1/1/2024,O ,,,27aa900c-5d36-f928-e053-5ca8e70af301,,Fall River Logo T-shirt - Blue Size Medium,Custom Ink ,FRShirtB.png,null,10,1000,true ,true ,,,null,false ,Comfortable 100% Cotton Blue T-shirt with the Fall River logo.,,,
POINTS,FR,FRFRSHIRTBL,FRSHIRTS,1/1/2015,1/1/2024,O ,,,27aa900c-5d36-f928-e053-5ca8e70af301,,Fall River Logo T-shirt - Blue Size Large,Custom Ink ,FRShirtB.png,null,10,1000,true ,true ,,,null,false ,Comfortable 100% Cotton Blue T-shirt with the Fall River logo.,,,
POINTS,FR,FRHERCULES,FRMOVIES,1/1/2015,1/1/2024,O ,,,27aa900c-5d36-f928-e053-5ca8e70af301,,Disney's Hercules,Disney,Hercules.png,null,18,1800,true ,true ,,,null,false ,"Hercules must prove himself a true hero on Earth. With the assistance of Philotes (voice of Danny De Vito), a plucky satyr known as Phil, the grown-up Hercules (voice of Tate Donovan) learns to use his strength to his advantage and becomes a famous and benevolent protector of those around him, successfully battling a variety of gods and monsters.",,,
POINTS,FR,FRTARZAN,FRMOVIES,1/1/2015,1/1/2024,O ,,,27aa900c-5d36-f928-e053-5ca8e70af301,,Disney's Tarzan,Disney,Tarzan.png,null,18,1800,true ,true ,,,null,false ,"The Professor and Jane have arrived in Africa to study the wildlife in its natural habitat, although Clayton would prefer to bag as many trophies as he can. When the explorers encounter Tarzan, they at first think they've discovered the missing link, although soon realize that he's as human as they are. Tarzan finds himself torn between his desire to be with his own kind (and the new, unfamiliar emotions that he feels for Jane) and his loyalties to the gorilla family that raised him.",,,
POINTS,FR,FRNOOK,FRELECT,1/1/2015,1/1/2024,O ,,,27aa900c-5d36-f928-e053-5ca8e70af301,,Barnes & Noble Nook ,Barnes&Noble,Nook.png,null,50,5000,true ,true ,,,null,false ,"Choose from our vast library of eBooks, including more than a million titles under $4.99. Scroll our aisles with collections curated by our expert booksellers to help you find your next great read.",,,
POINTS,FR,FRBANDNGC20,FRCERTS,1/1/2015,1/1/2024,O ,,,27aa900c-5d36-f928-e053-5ca8e70af301,,Barnes & Noble Nook Gift Card $20,Barnes&Noble,NookGC.png,null,20,2000,false ,true ,,,null,true ,Use this gift card from Barnes&Noble to purchase eBooks with nook! Value: $20.00 ,,,
POINTS,FR,FRBANDNGC50,FRCERTS,1/1/2015,1/1/2024,O ,,,27aa900c-5d36-f928-e053-5ca8e70af301,,Barnes & Noble Nook Gift Card $50,Barnes&Noble,NookGC.png,null,50,5000,false ,true ,,,null,true ,Use this gift card from Barnes&Noble to purchase eBooks with nook! Value: $50.00 ,,,
POINTS,FR,FRBANDNGC100,FRCERTS,1/1/2015,1/1/2024,O ,,,27aa900c-5d36-f928-e053-5ca8e70af301,,Barnes & Noble Nook Gift Card $100,Barnes&Noble,NookGC.png,null,100,10000,false ,true ,,,null,true ,Use this gift card from Barnes&Noble to purchase eBooks with nook! Value: $100.00 ,,,
POINTS,FR,FRCURSEDCHILD,FRBOOKS,1/1/2015,1/1/2024,O ,,,27aa900c-5d36-f928-e053-5ca8e70af301,,J.K. Rowling's Harry Potter and the Cursed Child Hardback,Barnes&Noble,CursedChild.png,null,15,1500,true ,true ,,,null,false ,"Based on an original new story by J.K. Rowling, John Tiffany, and Jack Thorne.",,,
POINTS,FR,FRSOUNDBAR,FRELECT,1/1/2015,1/1/2024,O ,,,27aa900c-5d36-f928-e053-5ca8e70af301,,Bose® - SoundTouch® 300 soundbar ,Bose,BoseSoundBar.png,null,700,70000,true ,true ,,,null ,false ,The SoundTouch® 300 soundbar looks slim. But the sound? Anything but. That’s because every cubic inch of it is packed with technologies that make everything you listen to or watch sound clear and spacious. It starts inside with custom-shaped speakers that keep the profile low and pump out big sound.,,,A black bose soundbar for your television.
POINTS,FR,FRFRANKENSTEIN,FRBOOKS,1/1/2015,1/1/2024,O ,,,27aa900c-5d36-f928-e053-5ca8e70af301,,Frankenstein Paperback,Mary Shelley,Frankenstein.png,null,5,500,true ,true ,,,null,false ,"Frankenstein, an instant bestseller and an important ancestor of both the horror and science fiction genres, not only tells a terrifying story, but also raises rofound, disturbing questions about the very nature of life and the place of humankind within the cosmos: What does it mean to be human?",,,
POINTS,FR,FRADVHF,FRBOOKS,1/1/2015,1/1/2024,O ,,,27aa900c-5d36-f928-e053-5ca8e70af301,,Adventures of Huckleberry Finn ,Mark Twain ,AdvHF.png,null,5,500,true ,true ,,,null,false ,"Huckleberry Finn, rebel against school and church, casual inheritor of gold treasure, rafter of the Mississippi, and savior of Jim the runaway slave, is the archetypical American maverick.",,,
POINTS,FR,FRMOBYD,FRBOOKS,1/1/2015,1/1/2024,O ,,,27aa900c-5d36-f928-e053-5ca8e70af301,,Moby Dick ,Herman Melville,MobyDick.png,null,5,500,true ,true ,,,null ,false ,"On a previous voyage, a mysterious white whale had ripped off the leg of a sea captain named Ahab. Now the crew of the Pequod, on a pursuit that features constant adventure and horrendous mishaps, must follow the mad Ahab into the abyss to satisfy his unslakeable thirst for vengeance.",,,
POINTS,FR,FRICMTU,FRBOOKS,1/1/2015,1/1/2024,O ,,,27aa900c-5d36-f928-e053-5ca8e70af301,,I Can't Make This Up ,Kevin Hart,ICMTU.png,null,16,1600,true ,true ,,,null, false,"It’s not often we get a glimpse into the thought process and work ethic of one of the funniest people in the world. Kevin Hart, who has made a name for himself as one of the hardest-working (and funniest) men in comedy, offers up a book that is part memoir, part life-coaching. ",,,
POINTS,FR,FRBEOWULF,FRBOOKS,1/1/2015,1/1/2024,O ,,,27aa900c-5d36-f928-e053-5ca8e70af301,,Beowulf ,Signature Classics,Beowulf.png,null,5,500,true ,true ,,,null ,false ,"Beowulf is one of the earliest extant poems in a modern European language, composed in England before the Norman Conquest. As a social document this great epic poem is invaluable—reflecting a feudal world of heroes and monsters, blood and victory, life and death.",,,
POINTS,FR,FRLORDOFTHEFLIES,FRBOOKS,1/1/2015,1/1/2024,O ,,,27aa900c-5d36-f928-e053-5ca8e70af301,,Lord of the Flies,William Golding,LOTF.png,null,8,800,true ,true ,,,null, false,"Lord of the Flies remains as provocative today as when it was first published in 1954, igniting passionate debate with its startling, brutal portrait of human nature.",,,
POINTS,FR,FRLOTR,FRMOVIES,1/1/2015,1/1/2024,O ,,,27aa900c-5d36-f928-e053-5ca8e70af301,,The Lord of the Rings: Motion Picture Trilogy Blu-ray Extended Edition,New Line Home Video,LOTR.png,null,95,9500,true ,true ,,,null ,false ,New Zealand filmmaker Peter Jackson fulfills his lifelong dream of transforming author J.R.R. Tolkien's best-selling fantasy epic into a three-part motion picture.,,,
POINTS,FR,FRAVATAR,FRMOVIES,1/1/2015,1/1/2024,O ,,,27aa900c-5d36-f928-e053-5ca8e70af301,,Avatar Extended Collector's Edition ,20th Century Fox ,Avatar.png ,null,25,2500,true ,true ,,,null ,false ,A paraplegic marine dispatched to the moon Pandora on a unique mission becomes torn between following his orders and protecting the world he feels is his home.,,,A movie poster for James Cameron's Avatar.
POINTS,FR,FRROOMBA,FRELECT,1/1/2015,1/1/2024,O ,,,27aa900c-5d36-f928-e053-5ca8e70af301,,iRobot Roomba 690,iRobot,Roomba.jpg,null,375,37500,true ,true ,,,null ,false ,"Clean your carpets efficiently with this iRobot Roomba vacuum. It lets you set a schedule for automated vacuuming, and the sensors help it navigate under furniture and around objects on the floor for a more thorough cleaning job. This iRobot Roomba vacuum has internal brushes, agitators and suction to handle debris and pet hair.",,,An image of a gray roomba vaccum cleaner.
POINTS,FR,FRREFRIDGERATOR,FRELECT,1/1/2015,1/1/2024,O ,,,27aa900c-5d36-f928-e053-5ca8e70af301,,Whirlpool French Door Refridgerator,Whirlpool,Refridgerator.png,null,2700,270000,true ,true ,,,null ,false ,"Store your fresh and frozen foods in this Whirlpool WRF997SDDM 26.8 cu. ft. French door refrigerator with thru-the-door ice and water that features a Bluetooth-compatible CoolVox kitchen sound system hidden on top for streaming music in the kitchen. Clean your carpets efficiently with this iRobot Roomba vacuum. It lets you set a schedule for automated vacuuming, and the sensors help it navigate under furniture and around objects on the floor for a more thorough cleaning job. This iRobot Roomba vacuum has internal brushes, agitators and suction to handle debris and pet hair.",,,An image of a gray samsung refridgerator with a touch screen.
POINTS,FR,FRSECURITY,FRELECT,1/1/2015,1/1/2024,O ,,,27aa900c-5d36-f928-e053-5ca8e70af301,,Arlo - Pro Indoor/Outdoor HD Wireless Security Camera 4 pack ,Arlo,Arlo.png,null,600,60000,true ,true ,,,null ,false ,"Upgrade your home's security with this Arlo Pro HD camera system. Four wire-free cameras let you set up your home surveillance to capture virtually every angle, and the included wall mounts and hardware allow for effortless installation. Featuring weatherproof construction and night vision capabilities, this Arlo Pro HD camera system provides round-the-clock visibility through almost any weather.",,,
POINTS,FR,FRFRMUGB,FRCUPS,1/1/2015,1/1/2024,O ,,,27aa900c-5d36-f928-e053-5ca8e70af301,,Navy Blue Fall River logo Mug,Custom Ink ,FRMugB.png,null,10,1000,true ,true ,,,null ,false ,Enjoy your coffee or tea in this large mug with the Fall River logo.,,,
POINTS,FR,FRFRMUGW,FRCUPS,1/1/2015,1/1/2024,O ,,,27aa900c-5d36-f928-e053-5ca8e70af301,,White Fall River logo Mug,Custom Ink ,FRMugW.png,null,10,1000,true ,true ,,,null ,false ,Enjoy your coffee or tea in this large mug with the Fall River logo.,,,
POINTS,FR,FRFRBOTTLEW,FRCUPS,1/1/2015,1/1/2024,O ,,,27aa900c-5d36-f928-e053-5ca8e70af301,,White Fall River Mettallic bottle,Custom Ink ,FRMetalBottleWhite.png,null,15,1500,true ,true ,,,null ,false ,We've got your group covered with this copper insulated on the go bottle. Equipped with a handled twist top that makes it easy to take anywhere!,,,
POINTS,FR,FRFRBOTTLEB,FRCUPS,1/1/2015,1/1/2024,O ,,,27aa900c-5d36-f928-e053-5ca8e70af301,,Blue Fall River Mettallic bottle,Custom Ink ,FRMetalBottleBlue.png,null,15,1500,true ,true ,,,null ,false ,We've got your group covered with this copper insulated on the go bottle. Equipped with a handled twist top that makes it easy to take anywhere!,,,
POINTS,FR,FRFRLSBLUES,FRSHIRTS,1/1/2015,1/1/2024,O ,,,27aa900c-5d36-f928-e053-5ca8e70af301,,Blue Fall River Long Sleeve shirt Size Small,Custom Ink ,FRLSBlue.png,null,15,1500,true ,true ,,,null ,false ,Comfortable long sleeve Fall River Logo T-shirt.,,,
POINTS,FR,FRFRLSBLUEM,FRSHIRTS,1/1/2015,1/1/2024,O ,,,27aa900c-5d36-f928-e053-5ca8e70af301,,Blue Fall River Long Sleeve shirt Size Medium,Custom Ink ,FRLSBlue.png,null,15,1500,true ,true ,,,null ,false ,Comfortable long sleeve Fall River Logo T-shirt.,,,
POINTS,FR,FRFRLSBLUEL,FRSHIRTS,1/1/2015,1/1/2024,O ,,,27aa900c-5d36-f928-e053-5ca8e70af301,,Blue Fall River Long Sleeve shirt Size Large,Custom Ink ,FRLSBlue.png,null,15,1500,true ,true ,,,null ,false ,Comfortable long sleeve Fall River Logo T-shirt.,,,
POINTS,FR,FRFRLSWS,FRSHIRTS,1/1/2015,1/1/2024,O ,,,27aa900c-5d36-f928-e053-5ca8e70af301,,White Fall River Long Sleeve shirt Size Small,Custom Ink ,FRLSW.png,null,15,1500,true ,true ,,,null ,false ,Comfortable long sleeve Fall River Logo T-shirt.,,,
POINTS,FR,FRFRLSWM,FRSHIRTS,1/1/2015,1/1/2024,O ,,,27aa900c-5d36-f928-e053-5ca8e70af301,,White Fall River Long Sleeve shirt Size Medium,Custom Ink ,FRLSW.png,null,15,1500,true ,true ,,,null ,false ,Comfortable long sleeve Fall River Logo T-shirt.,,,
POINTS,FR,FRFRLSWL,FRSHIRTS,1/1/2015,1/1/2024,O ,,,27aa900c-5d36-f928-e053-5ca8e70af301,,White Fall River Long Sleeve shirt Size Large,Custom Ink ,FRLSW.png,null,15,1500,true ,true ,,,null ,false ,Comfortable long sleeve Fall River Logo T-shirt.,,,
POINTS,FR,FRFRLSBLACKS,FRSHIRTS,1/1/2015,1/1/2024,O ,,,27aa900c-5d36-f928-e053-5ca8e70af301,,Black Fall River Long Sleeve shirt Size Small,Custom Ink ,FRLSBlack.png,null,15,1500,true ,true ,,,null,false ,Comfortable long sleeve Fall River Logo T-shirt.,,,
POINTS,FR,FRFRLSBLACKM,FRSHIRTS,1/1/2015,1/1/2024,O ,,,27aa900c-5d36-f928-e053-5ca8e70af301,,Black Fall River Long Sleeve shirt Size Medium,Custom Ink ,FRLSBlack.png,null,15,1500,true ,true ,,,null,false ,Comfortable long sleeve Fall River Logo T-shirt.,,,
POINTS,FR,FRFRLSBLACKL,FRSHIRTS,1/1/2015,1/1/2024,O ,,,27aa900c-5d36-f928-e053-5ca8e70af301,,Black Fall River Long Sleeve shirt Size Large,Custom Ink ,FRLSBlack.png,null,15,1500,true ,true ,,,null,false ,Comfortable long sleeve Fall River Logo T-shirt.,,,
POINTS,FR,FRAIRPODS,FRELECT,1/1/2015,1/1/2024,O ,,,27aa900c-5d36-f928-e053-5ca8e70af301,,Apple Ear Pods ,Apple ,EarPods.png,null,160,16000,true ,true ,,,null ,false ,"Introducing wireless AirPods. Just take them out and they're ready to use with all your Apple devices¹. Put them in your ears and they connect instantly. Speak into them and your voice sounds clear. Simplicity and technology, together like never before. The result is completely magical.",,,
POINTS,FR,FRMACBOOK,FRELECT,1/1/2015,1/1/2024,O ,,,27aa900c-5d36-f928-e053-5ca8e70af301,,Macbook Pro with Touch Bar,Apple ,Macbook.jpg,null,2600,260000,true ,true ,,,null ,false ,"The new MacBook Pro is faster and more powerful than before, yet remarkably thinner and lighter.¹ It has the brightest, most colorful Mac notebook display ever. And it introduces the revolutionary Touch Bar—a Multi-Touch– enabled strip of glass built into the keyboard for instant access to what you want to do, when you want to do it. The new MacBook Pro is built on groundbreaking ideas. And it’s ready for yours.",,,
POINTS,IR,IRCASHBACK20,IRCERTS,1/1/2015,1/1/2024,O ,,,27aa900c-5d36-f928-e053-5ca8e70af301,,$20 Iris Gift Card,Iris Fashions,null,null,20,1000,false ,true ,,,null,true ,Perfect for anyone who enjoys shopping. ,,,
POINTS,IR,IRCASHBACK50,IRCERTS,1/1/2015,1/1/2024,O ,,,27aa900c-5d36-f928-e053-5ca8e70af301,,$50 Iris Gift Card,Iris Fashions,null,null,50,2000,false ,true ,,,null,true ,Perfect for anyone who enjoys shopping. ,,,
POINTS,IR,IRCASHBACK100,IRCERTS,1/1/2015,1/1/2024,O ,,,27aa900c-5d36-f928-e053-5ca8e70af301,,$100 Iris Gift Card,Iris Fashions,null,null,100,3000,false ,true ,,,null,true ,Perfect for anyone who enjoys shopping. ,,,
POINTS,IR,IRCASHBACK250,IRCERTS,1/1/2015,1/1/2024,O ,,,27aa900c-5d36-f928-e053-5ca8e70af301,,$250 Iris Gift Card ,Iris Fashions,null,null,250,4000,false ,true ,,,null,true ,Perfect for anyone who enjoys shopping. ,,,
